[
  {
    "emoji": "😀",
    "hexcode": "1F600",
    "group": "smileys-emotion",
    "subgroups": "face-smiling",
    "annotation": "grinning face",
    "tags": "face, grin",
    "openmoji_tags": "smile, happy",
    "openmoji_author": "Emily Jäger",
    "openmoji_date": "2018-04-18",
    "skintone": "",
    "skintone_combination": "",
    "skintone_base_emoji": "",
    "skintone_base_hexcode": "",
    "unicode": 1,
    "order": 1
  },
  {
    "emoji": "😃",
    "hexcode": "1F603",
    "group": "smileys-emotion",
    "subgroups": "face-smiling",
    "annotation": "grinning face with big eyes",
    "tags": "face, mouth, open, smile",
    "openmoji_tags": "eyes, teeth",
    "openmoji_author": "Emily Jäger",
    "openmoji_date": "2018-04-18",
    "skintone": "",
    "skintone_combination": "",
    "skintone_base_emoji": "",
    "skintone_base_hexcode": "",
    "unicode": 0.6,
    "order": 2
  },
  {
    "emoji": "😄",
    "hexcode": "1F604",
    "group": "smileys-emotion",
    "subgroups": "face-smiling",
    "annotation": "grinning face with smiling eyes",
    "tags": "eye, face, mouth, open, smile",
    "openmoji_tags": "happy, teeth",
    "openmoji_author": "Emily Jäger",
    "openmoji_date": "2018-04-18",
    "skintone": "",
    "skintone_combination": "",
    "skintone_base_emoji": "",
    "skintone_base_hexcode": "",
    "unicode": 0.6,
    "order": 3
  },
  {
    "emoji": "🤑",
    "hexcode": "1F911",
    "group": "smileys-emotion",
    "subgroups": "face-tongue",
    "annotation": "money-mouth face",
    "tags": "face, money, mouth",
    "openmoji_tags": "tongue, dollar",
    "openmoji_author": "Emily Jäger",
    "openmoji_date": "2018-04-18",
    "skintone": "",
    "skintone_combination": "",
    "skintone_base_emoji": "",
    "skintone_base_hexcode": "",
    "unicode": 1,
    "order": 29
  },
  {
    "emoji": "",
    "hexcode": "E2D8",
    "group": "extras-openmoji",
    "subgroups": "climate-environment",
    "annotation": "nuclear worker woman",
    "tags": "",
    "openmoji_tags": "radiation, protection suit, ",
    "openmoji_author": "Robin Kurz",
    "openmoji_date": "2020-02-18",
    "skintone": "",
    "skintone_combination": "",
    "skintone_base_emoji": "",
    "skintone_base_hexcode": "",
    "unicode": "",
    "order": ""
  }
]